"","region","Var1","Var2","value"
"1","amygdala","pipeline 1","pipeline 1",1
"2","amygdala","pipeline 2","pipeline 1",0.998413783078926
"3","amygdala","pipeline 3","pipeline 1",0.997578035925798
"4","amygdala","pipeline 4","pipeline 1",0.996609856043543
"5","amygdala","pipeline 5","pipeline 1",0.749170709253481
"6","amygdala","pipeline 6","pipeline 1",0.726536561383202
"7","amygdala","pipeline 7","pipeline 1",0.888737187903156
"8","amygdala","pipeline 8","pipeline 1",0.746642926624535
"9","amygdala","pipeline 1","pipeline 2",0.998413783078926
"10","amygdala","pipeline 2","pipeline 2",1
"11","amygdala","pipeline 3","pipeline 2",0.996265647941795
"12","amygdala","pipeline 4","pipeline 2",0.997556878510191
"13","amygdala","pipeline 5","pipeline 2",0.750117432077644
"14","amygdala","pipeline 6","pipeline 2",0.723823536597388
"15","amygdala","pipeline 7","pipeline 2",0.880214118290032
"16","amygdala","pipeline 8","pipeline 2",0.747591884369501
"17","amygdala","pipeline 1","pipeline 3",0.997578035925798
"18","amygdala","pipeline 2","pipeline 3",0.996265647941795
"19","amygdala","pipeline 3","pipeline 3",1
"20","amygdala","pipeline 4","pipeline 3",0.99801852473462
"21","amygdala","pipeline 5","pipeline 3",0.735415344843297
"22","amygdala","pipeline 6","pipeline 3",0.713871909097329
"23","amygdala","pipeline 7","pipeline 3",0.888290062405931
"24","amygdala","pipeline 8","pipeline 3",0.732904541303251
"25","amygdala","pipeline 1","pipeline 4",0.996609856043543
"26","amygdala","pipeline 2","pipeline 4",0.997556878510191
"27","amygdala","pipeline 3","pipeline 4",0.99801852473462
"28","amygdala","pipeline 4","pipeline 4",1
"29","amygdala","pipeline 5","pipeline 4",0.729162261607173
"30","amygdala","pipeline 6","pipeline 4",0.704390953997069
"31","amygdala","pipeline 7","pipeline 4",0.87832552940489
"32","amygdala","pipeline 8","pipeline 4",0.726805988633447
"33","amygdala","pipeline 1","pipeline 5",0.749170709253481
"34","amygdala","pipeline 2","pipeline 5",0.750117432077644
"35","amygdala","pipeline 3","pipeline 5",0.735415344843297
"36","amygdala","pipeline 4","pipeline 5",0.729162261607173
"37","amygdala","pipeline 5","pipeline 5",1
"38","amygdala","pipeline 6","pipeline 5",0.962843765053921
"39","amygdala","pipeline 7","pipeline 5",0.679935409962613
"40","amygdala","pipeline 8","pipeline 5",0.999658259753263
"41","amygdala","pipeline 1","pipeline 6",0.726536561383202
"42","amygdala","pipeline 2","pipeline 6",0.723823536597388
"43","amygdala","pipeline 3","pipeline 6",0.713871909097329
"44","amygdala","pipeline 4","pipeline 6",0.704390953997069
"45","amygdala","pipeline 5","pipeline 6",0.962843765053921
"46","amygdala","pipeline 6","pipeline 6",1
"47","amygdala","pipeline 7","pipeline 6",0.760955258525967
"48","amygdala","pipeline 8","pipeline 6",0.964260563791423
"49","amygdala","pipeline 1","pipeline 7",0.888737187903156
"50","amygdala","pipeline 2","pipeline 7",0.880214118290032
"51","amygdala","pipeline 3","pipeline 7",0.888290062405931
"52","amygdala","pipeline 4","pipeline 7",0.87832552940489
"53","amygdala","pipeline 5","pipeline 7",0.679935409962612
"54","amygdala","pipeline 6","pipeline 7",0.760955258525967
"55","amygdala","pipeline 7","pipeline 7",1
"56","amygdala","pipeline 8","pipeline 7",0.68044554659256
"57","amygdala","pipeline 1","pipeline 8",0.746642926624536
"58","amygdala","pipeline 2","pipeline 8",0.747591884369501
"59","amygdala","pipeline 3","pipeline 8",0.732904541303251
"60","amygdala","pipeline 4","pipeline 8",0.726805988633447
"61","amygdala","pipeline 5","pipeline 8",0.999658259753263
"62","amygdala","pipeline 6","pipeline 8",0.964260563791423
"63","amygdala","pipeline 7","pipeline 8",0.68044554659256
"64","amygdala","pipeline 8","pipeline 8",1
"65","thalamus","pipeline 1","pipeline 1",1
"66","thalamus","pipeline 2","pipeline 1",0.998945761237764
"67","thalamus","pipeline 3","pipeline 1",0.997646811187784
"68","thalamus","pipeline 4","pipeline 1",0.996782863960247
"69","thalamus","pipeline 5","pipeline 1",0.879087300327414
"70","thalamus","pipeline 6","pipeline 1",0.776764110465235
"71","thalamus","pipeline 7","pipeline 1",0.894381688748563
"72","thalamus","pipeline 8","pipeline 1",0.879639713215877
"73","thalamus","pipeline 1","pipeline 2",0.998945761237764
"74","thalamus","pipeline 2","pipeline 2",1
"75","thalamus","pipeline 3","pipeline 2",0.996886914545634
"76","thalamus","pipeline 4","pipeline 2",0.997790923847474
"77","thalamus","pipeline 5","pipeline 2",0.878095980130365
"78","thalamus","pipeline 6","pipeline 2",0.77402837792816
"79","thalamus","pipeline 7","pipeline 2",0.891995357129889
"80","thalamus","pipeline 8","pipeline 2",0.878604247021621
"81","thalamus","pipeline 1","pipeline 3",0.997646811187784
"82","thalamus","pipeline 2","pipeline 3",0.996886914545634
"83","thalamus","pipeline 3","pipeline 3",1
"84","thalamus","pipeline 4","pipeline 3",0.99849949374675
"85","thalamus","pipeline 5","pipeline 3",0.874920812458374
"86","thalamus","pipeline 6","pipeline 3",0.771979325788601
"87","thalamus","pipeline 7","pipeline 3",0.891304542958092
"88","thalamus","pipeline 8","pipeline 3",0.875451555631411
"89","thalamus","pipeline 1","pipeline 4",0.996782863960247
"90","thalamus","pipeline 2","pipeline 4",0.997790923847474
"91","thalamus","pipeline 3","pipeline 4",0.99849949374675
"92","thalamus","pipeline 4","pipeline 4",1
"93","thalamus","pipeline 5","pipeline 4",0.870888855647238
"94","thalamus","pipeline 6","pipeline 4",0.766256550921463
"95","thalamus","pipeline 7","pipeline 4",0.889402419423779
"96","thalamus","pipeline 8","pipeline 4",0.871414401568615
"97","thalamus","pipeline 1","pipeline 5",0.879087300327414
"98","thalamus","pipeline 2","pipeline 5",0.878095980130365
"99","thalamus","pipeline 3","pipeline 5",0.874920812458374
"100","thalamus","pipeline 4","pipeline 5",0.870888855647238
"101","thalamus","pipeline 5","pipeline 5",1
"102","thalamus","pipeline 6","pipeline 5",0.894411705331151
"103","thalamus","pipeline 7","pipeline 5",0.820592396841356
"104","thalamus","pipeline 8","pipeline 5",0.99994614442273
"105","thalamus","pipeline 1","pipeline 6",0.776764110465235
"106","thalamus","pipeline 2","pipeline 6",0.77402837792816
"107","thalamus","pipeline 3","pipeline 6",0.771979325788601
"108","thalamus","pipeline 4","pipeline 6",0.766256550921463
"109","thalamus","pipeline 5","pipeline 6",0.894411705331151
"110","thalamus","pipeline 6","pipeline 6",1
"111","thalamus","pipeline 7","pipeline 6",0.920365035822093
"112","thalamus","pipeline 8","pipeline 6",0.894106881106082
"113","thalamus","pipeline 1","pipeline 7",0.894381688748563
"114","thalamus","pipeline 2","pipeline 7",0.891995357129889
"115","thalamus","pipeline 3","pipeline 7",0.891304542958092
"116","thalamus","pipeline 4","pipeline 7",0.889402419423779
"117","thalamus","pipeline 5","pipeline 7",0.820592396841356
"118","thalamus","pipeline 6","pipeline 7",0.920365035822093
"119","thalamus","pipeline 7","pipeline 7",1
"120","thalamus","pipeline 8","pipeline 7",0.820799560214782
"121","thalamus","pipeline 1","pipeline 8",0.879639713215877
"122","thalamus","pipeline 2","pipeline 8",0.87860424702162
"123","thalamus","pipeline 3","pipeline 8",0.875451555631411
"124","thalamus","pipeline 4","pipeline 8",0.871414401568616
"125","thalamus","pipeline 5","pipeline 8",0.99994614442273
"126","thalamus","pipeline 6","pipeline 8",0.894106881106082
"127","thalamus","pipeline 7","pipeline 8",0.820799560214782
"128","thalamus","pipeline 8","pipeline 8",1
"129","putamen","pipeline 1","pipeline 1",1
"130","putamen","pipeline 2","pipeline 1",0.999380029453396
"131","putamen","pipeline 3","pipeline 1",0.999289061037336
"132","putamen","pipeline 4","pipeline 1",0.998562149487123
"133","putamen","pipeline 5","pipeline 1",0.989739774379976
"134","putamen","pipeline 6","pipeline 1",0.907562634996931
"135","putamen","pipeline 7","pipeline 1",0.910670116619803
"136","putamen","pipeline 8","pipeline 1",0.989815610647621
"137","putamen","pipeline 1","pipeline 2",0.999380029453396
"138","putamen","pipeline 2","pipeline 2",1
"139","putamen","pipeline 3","pipeline 2",0.999041433638471
"140","putamen","pipeline 4","pipeline 2",0.999334549267688
"141","putamen","pipeline 5","pipeline 2",0.989043221852561
"142","putamen","pipeline 6","pipeline 2",0.905976973708357
"143","putamen","pipeline 7","pipeline 2",0.908565612995831
"144","putamen","pipeline 8","pipeline 2",0.98908576560117
"145","putamen","pipeline 1","pipeline 3",0.999289061037336
"146","putamen","pipeline 2","pipeline 3",0.999041433638471
"147","putamen","pipeline 3","pipeline 3",1
"148","putamen","pipeline 4","pipeline 3",0.999189953832917
"149","putamen","pipeline 5","pipeline 3",0.989632864104375
"150","putamen","pipeline 6","pipeline 3",0.907221077907938
"151","putamen","pipeline 7","pipeline 3",0.909538996523031
"152","putamen","pipeline 8","pipeline 3",0.989694656599189
"153","putamen","pipeline 1","pipeline 4",0.998562149487123
"154","putamen","pipeline 2","pipeline 4",0.999334549267688
"155","putamen","pipeline 3","pipeline 4",0.999189953832917
"156","putamen","pipeline 4","pipeline 4",1
"157","putamen","pipeline 5","pipeline 4",0.989757715348126
"158","putamen","pipeline 6","pipeline 4",0.907383039743818
"159","putamen","pipeline 7","pipeline 4",0.907968530049473
"160","putamen","pipeline 8","pipeline 4",0.989787211494874
"161","putamen","pipeline 1","pipeline 5",0.989739774379976
"162","putamen","pipeline 2","pipeline 5",0.989043221852561
"163","putamen","pipeline 3","pipeline 5",0.989632864104375
"164","putamen","pipeline 4","pipeline 5",0.989757715348126
"165","putamen","pipeline 5","pipeline 5",1
"166","putamen","pipeline 6","pipeline 5",0.914277092748425
"167","putamen","pipeline 7","pipeline 5",0.895552023526226
"168","putamen","pipeline 8","pipeline 5",0.999929006743588
"169","putamen","pipeline 1","pipeline 6",0.907562634996931
"170","putamen","pipeline 2","pipeline 6",0.905976973708357
"171","putamen","pipeline 3","pipeline 6",0.907221077907939
"172","putamen","pipeline 4","pipeline 6",0.907383039743818
"173","putamen","pipeline 5","pipeline 6",0.914277092748425
"174","putamen","pipeline 6","pipeline 6",1
"175","putamen","pipeline 7","pipeline 6",0.985042258277359
"176","putamen","pipeline 8","pipeline 6",0.914513435496926
"177","putamen","pipeline 1","pipeline 7",0.910670116619803
"178","putamen","pipeline 2","pipeline 7",0.908565612995831
"179","putamen","pipeline 3","pipeline 7",0.909538996523031
"180","putamen","pipeline 4","pipeline 7",0.907968530049473
"181","putamen","pipeline 5","pipeline 7",0.895552023526226
"182","putamen","pipeline 6","pipeline 7",0.985042258277359
"183","putamen","pipeline 7","pipeline 7",1
"184","putamen","pipeline 8","pipeline 7",0.89586451141945
"185","putamen","pipeline 1","pipeline 8",0.989815610647621
"186","putamen","pipeline 2","pipeline 8",0.98908576560117
"187","putamen","pipeline 3","pipeline 8",0.989694656599189
"188","putamen","pipeline 4","pipeline 8",0.989787211494874
"189","putamen","pipeline 5","pipeline 8",0.999929006743588
"190","putamen","pipeline 6","pipeline 8",0.914513435496926
"191","putamen","pipeline 7","pipeline 8",0.895864511419451
"192","putamen","pipeline 8","pipeline 8",1
"193","caudate","pipeline 1","pipeline 1",1
"194","caudate","pipeline 2","pipeline 1",0.999374657888783
"195","caudate","pipeline 3","pipeline 1",0.998449293710769
"196","caudate","pipeline 4","pipeline 1",0.99803099101169
"197","caudate","pipeline 5","pipeline 1",0.978583617044963
"198","caudate","pipeline 6","pipeline 1",0.90161184108778
"199","caudate","pipeline 7","pipeline 1",0.89054103370666
"200","caudate","pipeline 8","pipeline 1",0.976355886985142
"201","caudate","pipeline 1","pipeline 2",0.999374657888783
"202","caudate","pipeline 2","pipeline 2",1
"203","caudate","pipeline 3","pipeline 2",0.998043701454818
"204","caudate","pipeline 4","pipeline 2",0.998547167178391
"205","caudate","pipeline 5","pipeline 2",0.976141393702554
"206","caudate","pipeline 6","pipeline 2",0.89888062209625
"207","caudate","pipeline 7","pipeline 2",0.889484516925338
"208","caudate","pipeline 8","pipeline 2",0.973710682925636
"209","caudate","pipeline 1","pipeline 3",0.998449293710769
"210","caudate","pipeline 2","pipeline 3",0.998043701454818
"211","caudate","pipeline 3","pipeline 3",1
"212","caudate","pipeline 4","pipeline 3",0.999019396640892
"213","caudate","pipeline 5","pipeline 3",0.976815426153335
"214","caudate","pipeline 6","pipeline 3",0.902605827745346
"215","caudate","pipeline 7","pipeline 3",0.891937039346497
"216","caudate","pipeline 8","pipeline 3",0.974523024210964
"217","caudate","pipeline 1","pipeline 4",0.99803099101169
"218","caudate","pipeline 2","pipeline 4",0.998547167178392
"219","caudate","pipeline 3","pipeline 4",0.999019396640892
"220","caudate","pipeline 4","pipeline 4",1
"221","caudate","pipeline 5","pipeline 4",0.975255069298302
"222","caudate","pipeline 6","pipeline 4",0.903499845543581
"223","caudate","pipeline 7","pipeline 4",0.894124644453314
"224","caudate","pipeline 8","pipeline 4",0.97294499802604
"225","caudate","pipeline 1","pipeline 5",0.978583617044963
"226","caudate","pipeline 2","pipeline 5",0.976141393702554
"227","caudate","pipeline 3","pipeline 5",0.976815426153335
"228","caudate","pipeline 4","pipeline 5",0.975255069298302
"229","caudate","pipeline 5","pipeline 5",1
"230","caudate","pipeline 6","pipeline 5",0.90071362858856
"231","caudate","pipeline 7","pipeline 5",0.851691043863231
"232","caudate","pipeline 8","pipeline 5",0.999699360744258
"233","caudate","pipeline 1","pipeline 6",0.901611841087781
"234","caudate","pipeline 2","pipeline 6",0.89888062209625
"235","caudate","pipeline 3","pipeline 6",0.902605827745346
"236","caudate","pipeline 4","pipeline 6",0.903499845543581
"237","caudate","pipeline 5","pipeline 6",0.90071362858856
"238","caudate","pipeline 6","pipeline 6",1
"239","caudate","pipeline 7","pipeline 6",0.9791340077916
"240","caudate","pipeline 8","pipeline 6",0.900337054559816
"241","caudate","pipeline 1","pipeline 7",0.89054103370666
"242","caudate","pipeline 2","pipeline 7",0.889484516925338
"243","caudate","pipeline 3","pipeline 7",0.891937039346497
"244","caudate","pipeline 4","pipeline 7",0.894124644453314
"245","caudate","pipeline 5","pipeline 7",0.851691043863231
"246","caudate","pipeline 6","pipeline 7",0.9791340077916
"247","caudate","pipeline 7","pipeline 7",1
"248","caudate","pipeline 8","pipeline 7",0.849538171310241
"249","caudate","pipeline 1","pipeline 8",0.976355886985142
"250","caudate","pipeline 2","pipeline 8",0.973710682925636
"251","caudate","pipeline 3","pipeline 8",0.974523024210964
"252","caudate","pipeline 4","pipeline 8",0.97294499802604
"253","caudate","pipeline 5","pipeline 8",0.999699360744257
"254","caudate","pipeline 6","pipeline 8",0.900337054559816
"255","caudate","pipeline 7","pipeline 8",0.849538171310241
"256","caudate","pipeline 8","pipeline 8",1
"257","ACC","pipeline 1","pipeline 1",1
"258","ACC","pipeline 2","pipeline 1",0.998517615701802
"259","ACC","pipeline 3","pipeline 1",0.998105607592776
"260","ACC","pipeline 4","pipeline 1",0.997302220784641
"261","ACC","pipeline 5","pipeline 1",0.965726957527313
"262","ACC","pipeline 6","pipeline 1",0.934979988213065
"263","ACC","pipeline 7","pipeline 1",0.946706712444466
"264","ACC","pipeline 8","pipeline 1",0.92117966258839
"265","ACC","pipeline 1","pipeline 2",0.998517615701802
"266","ACC","pipeline 2","pipeline 2",1
"267","ACC","pipeline 3","pipeline 2",0.997011269259087
"268","ACC","pipeline 4","pipeline 2",0.998529008393111
"269","ACC","pipeline 5","pipeline 2",0.966983367396683
"270","ACC","pipeline 6","pipeline 2",0.932239676447242
"271","ACC","pipeline 7","pipeline 2",0.942184483845065
"272","ACC","pipeline 8","pipeline 2",0.92156945658216
"273","ACC","pipeline 1","pipeline 3",0.998105607592776
"274","ACC","pipeline 2","pipeline 3",0.997011269259087
"275","ACC","pipeline 3","pipeline 3",1
"276","ACC","pipeline 4","pipeline 3",0.99837926940354
"277","ACC","pipeline 5","pipeline 3",0.964065683496891
"278","ACC","pipeline 6","pipeline 3",0.93475168925243
"279","ACC","pipeline 7","pipeline 3",0.94644830641525
"280","ACC","pipeline 8","pipeline 3",0.919279433315953
"281","ACC","pipeline 1","pipeline 4",0.99730222078464
"282","ACC","pipeline 2","pipeline 4",0.998529008393112
"283","ACC","pipeline 3","pipeline 4",0.998379269403539
"284","ACC","pipeline 4","pipeline 4",1
"285","ACC","pipeline 5","pipeline 4",0.966099566431461
"286","ACC","pipeline 6","pipeline 4",0.932793488858143
"287","ACC","pipeline 7","pipeline 4",0.942595801417234
"288","ACC","pipeline 8","pipeline 4",0.920809480784308
"289","ACC","pipeline 1","pipeline 5",0.965726957527313
"290","ACC","pipeline 2","pipeline 5",0.966983367396683
"291","ACC","pipeline 3","pipeline 5",0.964065683496891
"292","ACC","pipeline 4","pipeline 5",0.966099566431461
"293","ACC","pipeline 5","pipeline 5",1
"294","ACC","pipeline 6","pipeline 5",0.932331567231258
"295","ACC","pipeline 7","pipeline 5",0.890692122335378
"296","ACC","pipeline 8","pipeline 5",0.971351698314205
"297","ACC","pipeline 1","pipeline 6",0.934979988213065
"298","ACC","pipeline 2","pipeline 6",0.932239676447243
"299","ACC","pipeline 3","pipeline 6",0.93475168925243
"300","ACC","pipeline 4","pipeline 6",0.932793488858143
"301","ACC","pipeline 5","pipeline 6",0.932331567231258
"302","ACC","pipeline 6","pipeline 6",1
"303","ACC","pipeline 7","pipeline 6",0.974190734559302
"304","ACC","pipeline 8","pipeline 6",0.904436530799518
"305","ACC","pipeline 1","pipeline 7",0.946706712444466
"306","ACC","pipeline 2","pipeline 7",0.942184483845065
"307","ACC","pipeline 3","pipeline 7",0.94644830641525
"308","ACC","pipeline 4","pipeline 7",0.942595801417234
"309","ACC","pipeline 5","pipeline 7",0.890692122335377
"310","ACC","pipeline 6","pipeline 7",0.974190734559302
"311","ACC","pipeline 7","pipeline 7",1
"312","ACC","pipeline 8","pipeline 7",0.851015088528207
"313","ACC","pipeline 1","pipeline 8",0.92117966258839
"314","ACC","pipeline 2","pipeline 8",0.92156945658216
"315","ACC","pipeline 3","pipeline 8",0.919279433315953
"316","ACC","pipeline 4","pipeline 8",0.920809480784308
"317","ACC","pipeline 5","pipeline 8",0.971351698314206
"318","ACC","pipeline 6","pipeline 8",0.904436530799518
"319","ACC","pipeline 7","pipeline 8",0.851015088528207
"320","ACC","pipeline 8","pipeline 8",1
"321","hippocampus","pipeline 1","pipeline 1",1
"322","hippocampus","pipeline 2","pipeline 1",0.998329940496336
"323","hippocampus","pipeline 3","pipeline 1",0.996855917900789
"324","hippocampus","pipeline 4","pipeline 1",0.994250684683453
"325","hippocampus","pipeline 5","pipeline 1",0.875087788286705
"326","hippocampus","pipeline 6","pipeline 1",0.844634238083535
"327","hippocampus","pipeline 7","pipeline 1",0.941770888114817
"328","hippocampus","pipeline 8","pipeline 1",0.865678180671906
"329","hippocampus","pipeline 1","pipeline 2",0.998329940496336
"330","hippocampus","pipeline 2","pipeline 2",1
"331","hippocampus","pipeline 3","pipeline 2",0.996975690824443
"332","hippocampus","pipeline 4","pipeline 2",0.99703826804781
"333","hippocampus","pipeline 5","pipeline 2",0.873449224688483
"334","hippocampus","pipeline 6","pipeline 2",0.84151652612037
"335","hippocampus","pipeline 7","pipeline 2",0.936655844580565
"336","hippocampus","pipeline 8","pipeline 2",0.863437589341478
"337","hippocampus","pipeline 1","pipeline 3",0.996855917900789
"338","hippocampus","pipeline 2","pipeline 3",0.996975690824443
"339","hippocampus","pipeline 3","pipeline 3",1
"340","hippocampus","pipeline 4","pipeline 3",0.997889303915352
"341","hippocampus","pipeline 5","pipeline 3",0.871254693698176
"342","hippocampus","pipeline 6","pipeline 3",0.842516234239244
"343","hippocampus","pipeline 7","pipeline 3",0.938176943192809
"344","hippocampus","pipeline 8","pipeline 3",0.862049251672217
"345","hippocampus","pipeline 1","pipeline 4",0.994250684683453
"346","hippocampus","pipeline 2","pipeline 4",0.99703826804781
"347","hippocampus","pipeline 3","pipeline 4",0.997889303915352
"348","hippocampus","pipeline 4","pipeline 4",1
"349","hippocampus","pipeline 5","pipeline 4",0.868466621855439
"350","hippocampus","pipeline 6","pipeline 4",0.836323856573209
"351","hippocampus","pipeline 7","pipeline 4",0.931423370464779
"352","hippocampus","pipeline 8","pipeline 4",0.858777780926822
"353","hippocampus","pipeline 1","pipeline 5",0.875087788286705
"354","hippocampus","pipeline 2","pipeline 5",0.873449224688483
"355","hippocampus","pipeline 3","pipeline 5",0.871254693698176
"356","hippocampus","pipeline 4","pipeline 5",0.868466621855439
"357","hippocampus","pipeline 5","pipeline 5",1
"358","hippocampus","pipeline 6","pipeline 5",0.967966838305215
"359","hippocampus","pipeline 7","pipeline 5",0.826902065518064
"360","hippocampus","pipeline 8","pipeline 5",0.998967411490608
"361","hippocampus","pipeline 1","pipeline 6",0.844634238083535
"362","hippocampus","pipeline 2","pipeline 6",0.84151652612037
"363","hippocampus","pipeline 3","pipeline 6",0.842516234239244
"364","hippocampus","pipeline 4","pipeline 6",0.836323856573209
"365","hippocampus","pipeline 5","pipeline 6",0.967966838305215
"366","hippocampus","pipeline 6","pipeline 6",1
"367","hippocampus","pipeline 7","pipeline 6",0.848386543137708
"368","hippocampus","pipeline 8","pipeline 6",0.970699710515105
"369","hippocampus","pipeline 1","pipeline 7",0.941770888114817
"370","hippocampus","pipeline 2","pipeline 7",0.936655844580565
"371","hippocampus","pipeline 3","pipeline 7",0.938176943192809
"372","hippocampus","pipeline 4","pipeline 7",0.931423370464779
"373","hippocampus","pipeline 5","pipeline 7",0.826902065518064
"374","hippocampus","pipeline 6","pipeline 7",0.848386543137708
"375","hippocampus","pipeline 7","pipeline 7",1
"376","hippocampus","pipeline 8","pipeline 7",0.820788887476403
"377","hippocampus","pipeline 1","pipeline 8",0.865678180671906
"378","hippocampus","pipeline 2","pipeline 8",0.863437589341478
"379","hippocampus","pipeline 3","pipeline 8",0.862049251672217
"380","hippocampus","pipeline 4","pipeline 8",0.858777780926822
"381","hippocampus","pipeline 5","pipeline 8",0.998967411490608
"382","hippocampus","pipeline 6","pipeline 8",0.970699710515105
"383","hippocampus","pipeline 7","pipeline 8",0.820788887476403
"384","hippocampus","pipeline 8","pipeline 8",1
"385","OFC","pipeline 1","pipeline 1",1
"386","OFC","pipeline 2","pipeline 1",0.997546841758594
"387","OFC","pipeline 3","pipeline 1",0.997989111815476
"388","OFC","pipeline 4","pipeline 1",0.9950548082112
"389","OFC","pipeline 5","pipeline 1",0.987567717879214
"390","OFC","pipeline 6","pipeline 1",0.960882425695485
"391","OFC","pipeline 7","pipeline 1",0.974775533541996
"392","OFC","pipeline 8","pipeline 1",0.961233797350439
"393","OFC","pipeline 1","pipeline 2",0.997546841758594
"394","OFC","pipeline 2","pipeline 2",1
"395","OFC","pipeline 3","pipeline 2",0.995850568745733
"396","OFC","pipeline 4","pipeline 2",0.997456174633328
"397","OFC","pipeline 5","pipeline 2",0.986097316491347
"398","OFC","pipeline 6","pipeline 2",0.958144081576755
"399","OFC","pipeline 7","pipeline 2",0.969069969408574
"400","OFC","pipeline 8","pipeline 2",0.957521267473113
"401","OFC","pipeline 1","pipeline 3",0.997989111815476
"402","OFC","pipeline 2","pipeline 3",0.995850568745732
"403","OFC","pipeline 3","pipeline 3",1
"404","OFC","pipeline 4","pipeline 3",0.996877253978398
"405","OFC","pipeline 5","pipeline 3",0.985652218872874
"406","OFC","pipeline 6","pipeline 3",0.960552875715405
"407","OFC","pipeline 7","pipeline 3",0.975271443000211
"408","OFC","pipeline 8","pipeline 3",0.958956392124423
"409","OFC","pipeline 1","pipeline 4",0.9950548082112
"410","OFC","pipeline 2","pipeline 4",0.997456174633327
"411","OFC","pipeline 3","pipeline 4",0.996877253978398
"412","OFC","pipeline 4","pipeline 4",1
"413","OFC","pipeline 5","pipeline 4",0.984866150482526
"414","OFC","pipeline 6","pipeline 4",0.957365797771587
"415","OFC","pipeline 7","pipeline 4",0.967670980470824
"416","OFC","pipeline 8","pipeline 4",0.958096464782944
"417","OFC","pipeline 1","pipeline 5",0.987567717879214
"418","OFC","pipeline 2","pipeline 5",0.986097316491347
"419","OFC","pipeline 3","pipeline 5",0.985652218872874
"420","OFC","pipeline 4","pipeline 5",0.984866150482526
"421","OFC","pipeline 5","pipeline 5",1
"422","OFC","pipeline 6","pipeline 5",0.972906854892221
"423","OFC","pipeline 7","pipeline 5",0.959966962859091
"424","OFC","pipeline 8","pipeline 5",0.984253091549825
"425","OFC","pipeline 1","pipeline 6",0.960882425695485
"426","OFC","pipeline 2","pipeline 6",0.958144081576755
"427","OFC","pipeline 3","pipeline 6",0.960552875715405
"428","OFC","pipeline 4","pipeline 6",0.957365797771587
"429","OFC","pipeline 5","pipeline 6",0.972906854892221
"430","OFC","pipeline 6","pipeline 6",1
"431","OFC","pipeline 7","pipeline 6",0.982055914312221
"432","OFC","pipeline 8","pipeline 6",0.955182778292949
"433","OFC","pipeline 1","pipeline 7",0.974775533541997
"434","OFC","pipeline 2","pipeline 7",0.969069969408573
"435","OFC","pipeline 3","pipeline 7",0.975271443000211
"436","OFC","pipeline 4","pipeline 7",0.967670980470824
"437","OFC","pipeline 5","pipeline 7",0.959966962859091
"438","OFC","pipeline 6","pipeline 7",0.982055914312221
"439","OFC","pipeline 7","pipeline 7",1
"440","OFC","pipeline 8","pipeline 7",0.932807970381583
"441","OFC","pipeline 1","pipeline 8",0.961233797350439
"442","OFC","pipeline 2","pipeline 8",0.957521267473113
"443","OFC","pipeline 3","pipeline 8",0.958956392124423
"444","OFC","pipeline 4","pipeline 8",0.958096464782944
"445","OFC","pipeline 5","pipeline 8",0.984253091549826
"446","OFC","pipeline 6","pipeline 8",0.955182778292949
"447","OFC","pipeline 7","pipeline 8",0.932807970381583
"448","OFC","pipeline 8","pipeline 8",1
"449","SFC","pipeline 1","pipeline 1",1
"450","SFC","pipeline 2","pipeline 1",0.99743895827793
"451","SFC","pipeline 3","pipeline 1",0.994553532687198
"452","SFC","pipeline 4","pipeline 1",0.992011907793478
"453","SFC","pipeline 5","pipeline 1",0.865614363073289
"454","SFC","pipeline 6","pipeline 1",0.239857706886957
"455","SFC","pipeline 7","pipeline 1",0.889024920927784
"456","SFC","pipeline 8","pipeline 1",0.721864149009528
"457","SFC","pipeline 1","pipeline 2",0.99743895827793
"458","SFC","pipeline 2","pipeline 2",1
"459","SFC","pipeline 3","pipeline 2",0.992333114516718
"460","SFC","pipeline 4","pipeline 2",0.995339761271581
"461","SFC","pipeline 5","pipeline 2",0.866418274635691
"462","SFC","pipeline 6","pipeline 2",0.245158603340477
"463","SFC","pipeline 7","pipeline 2",0.886052715518855
"464","SFC","pipeline 8","pipeline 2",0.715916394017288
"465","SFC","pipeline 1","pipeline 3",0.994553532687198
"466","SFC","pipeline 2","pipeline 3",0.992333114516718
"467","SFC","pipeline 3","pipeline 3",1
"468","SFC","pipeline 4","pipeline 3",0.995819804639811
"469","SFC","pipeline 5","pipeline 3",0.861887211627576
"470","SFC","pipeline 6","pipeline 3",0.247518912032804
"471","SFC","pipeline 7","pipeline 3",0.888695305240465
"472","SFC","pipeline 8","pipeline 3",0.718234739465959
"473","SFC","pipeline 1","pipeline 4",0.992011907793478
"474","SFC","pipeline 2","pipeline 4",0.995339761271581
"475","SFC","pipeline 3","pipeline 4",0.995819804639811
"476","SFC","pipeline 4","pipeline 4",1
"477","SFC","pipeline 5","pipeline 4",0.863492758739951
"478","SFC","pipeline 6","pipeline 4",0.25724676166431
"479","SFC","pipeline 7","pipeline 4",0.887340441230505
"480","SFC","pipeline 8","pipeline 4",0.714608381835173
"481","SFC","pipeline 1","pipeline 5",0.865614363073289
"482","SFC","pipeline 2","pipeline 5",0.866418274635691
"483","SFC","pipeline 3","pipeline 5",0.861887211627576
"484","SFC","pipeline 4","pipeline 5",0.863492758739951
"485","SFC","pipeline 5","pipeline 5",1
"486","SFC","pipeline 6","pipeline 5",0.191280614116666
"487","SFC","pipeline 7","pipeline 5",0.759535842864634
"488","SFC","pipeline 8","pipeline 5",0.644702454926961
"489","SFC","pipeline 1","pipeline 6",0.239857706886957
"490","SFC","pipeline 2","pipeline 6",0.245158603340477
"491","SFC","pipeline 3","pipeline 6",0.247518912032804
"492","SFC","pipeline 4","pipeline 6",0.25724676166431
"493","SFC","pipeline 5","pipeline 6",0.191280614116666
"494","SFC","pipeline 6","pipeline 6",1
"495","SFC","pipeline 7","pipeline 6",0.61173657742019
"496","SFC","pipeline 8","pipeline 6",0.108497944198719
"497","SFC","pipeline 1","pipeline 7",0.889024920927784
"498","SFC","pipeline 2","pipeline 7",0.886052715518855
"499","SFC","pipeline 3","pipeline 7",0.888695305240465
"500","SFC","pipeline 4","pipeline 7",0.887340441230505
"501","SFC","pipeline 5","pipeline 7",0.759535842864634
"502","SFC","pipeline 6","pipeline 7",0.61173657742019
"503","SFC","pipeline 7","pipeline 7",1
"504","SFC","pipeline 8","pipeline 7",0.597883065208799
"505","SFC","pipeline 1","pipeline 8",0.721864149009528
"506","SFC","pipeline 2","pipeline 8",0.715916394017288
"507","SFC","pipeline 3","pipeline 8",0.718234739465959
"508","SFC","pipeline 4","pipeline 8",0.714608381835173
"509","SFC","pipeline 5","pipeline 8",0.644702454926961
"510","SFC","pipeline 6","pipeline 8",0.108497944198719
"511","SFC","pipeline 7","pipeline 8",0.597883065208799
"512","SFC","pipeline 8","pipeline 8",1
"513","OC","pipeline 1","pipeline 1",1
"514","OC","pipeline 2","pipeline 1",0.997608942816515
"515","OC","pipeline 3","pipeline 1",0.99570455320609
"516","OC","pipeline 4","pipeline 1",0.993551146026511
"517","OC","pipeline 5","pipeline 1",0.73992675716101
"518","OC","pipeline 6","pipeline 1",0.951852051622651
"519","OC","pipeline 7","pipeline 1",0.953955007486305
"520","OC","pipeline 8","pipeline 1",0.889216582554869
"521","OC","pipeline 1","pipeline 2",0.997608942816515
"522","OC","pipeline 2","pipeline 2",1
"523","OC","pipeline 3","pipeline 2",0.991862360448147
"524","OC","pipeline 4","pipeline 2",0.994239745382183
"525","OC","pipeline 5","pipeline 2",0.738509915963829
"526","OC","pipeline 6","pipeline 2",0.949175089912268
"527","OC","pipeline 7","pipeline 2",0.951412133974776
"528","OC","pipeline 8","pipeline 2",0.887228024940912
"529","OC","pipeline 1","pipeline 3",0.99570455320609
"530","OC","pipeline 2","pipeline 3",0.991862360448147
"531","OC","pipeline 3","pipeline 3",1
"532","OC","pipeline 4","pipeline 3",0.996227593439456
"533","OC","pipeline 5","pipeline 3",0.734658449451544
"534","OC","pipeline 6","pipeline 3",0.945704827125337
"535","OC","pipeline 7","pipeline 3",0.946391060188744
"536","OC","pipeline 8","pipeline 3",0.89033540965969
"537","OC","pipeline 1","pipeline 4",0.993551146026511
"538","OC","pipeline 2","pipeline 4",0.994239745382183
"539","OC","pipeline 3","pipeline 4",0.996227593439456
"540","OC","pipeline 4","pipeline 4",1
"541","OC","pipeline 5","pipeline 4",0.735520190491116
"542","OC","pipeline 6","pipeline 4",0.94137641275024
"543","OC","pipeline 7","pipeline 4",0.941814395592927
"544","OC","pipeline 8","pipeline 4",0.884962897318951
"545","OC","pipeline 1","pipeline 5",0.73992675716101
"546","OC","pipeline 2","pipeline 5",0.738509915963829
"547","OC","pipeline 3","pipeline 5",0.734658449451544
"548","OC","pipeline 4","pipeline 5",0.735520190491116
"549","OC","pipeline 5","pipeline 5",1
"550","OC","pipeline 6","pipeline 5",0.735374537087078
"551","OC","pipeline 7","pipeline 5",0.708761143040891
"552","OC","pipeline 8","pipeline 5",0.70402744227636
"553","OC","pipeline 1","pipeline 6",0.951852051622651
"554","OC","pipeline 2","pipeline 6",0.949175089912268
"555","OC","pipeline 3","pipeline 6",0.945704827125337
"556","OC","pipeline 4","pipeline 6",0.94137641275024
"557","OC","pipeline 5","pipeline 6",0.735374537087078
"558","OC","pipeline 6","pipeline 6",1
"559","OC","pipeline 7","pipeline 6",0.976313385024604
"560","OC","pipeline 8","pipeline 6",0.921503687607067
"561","OC","pipeline 1","pipeline 7",0.953955007486305
"562","OC","pipeline 2","pipeline 7",0.951412133974776
"563","OC","pipeline 3","pipeline 7",0.946391060188744
"564","OC","pipeline 4","pipeline 7",0.941814395592927
"565","OC","pipeline 5","pipeline 7",0.708761143040891
"566","OC","pipeline 6","pipeline 7",0.976313385024604
"567","OC","pipeline 7","pipeline 7",1
"568","OC","pipeline 8","pipeline 7",0.875248657688327
"569","OC","pipeline 1","pipeline 8",0.889216582554869
"570","OC","pipeline 2","pipeline 8",0.887228024940912
"571","OC","pipeline 3","pipeline 8",0.89033540965969
"572","OC","pipeline 4","pipeline 8",0.884962897318951
"573","OC","pipeline 5","pipeline 8",0.70402744227636
"574","OC","pipeline 6","pipeline 8",0.921503687607067
"575","OC","pipeline 7","pipeline 8",0.875248657688327
"576","OC","pipeline 8","pipeline 8",1
"577","STG","pipeline 1","pipeline 1",1
"578","STG","pipeline 2","pipeline 1",0.999111880554972
"579","STG","pipeline 3","pipeline 1",0.998309581331518
"580","STG","pipeline 4","pipeline 1",0.997080474774073
"581","STG","pipeline 5","pipeline 1",0.936652737552619
"582","STG","pipeline 6","pipeline 1",0.886513888932981
"583","STG","pipeline 7","pipeline 1",0.901551873108765
"584","STG","pipeline 8","pipeline 1",0.875117588718765
"585","STG","pipeline 1","pipeline 2",0.999111880554972
"586","STG","pipeline 2","pipeline 2",1
"587","STG","pipeline 3","pipeline 2",0.997733802639037
"588","STG","pipeline 4","pipeline 2",0.998433470671453
"589","STG","pipeline 5","pipeline 2",0.932861258071338
"590","STG","pipeline 6","pipeline 2",0.880282417067557
"591","STG","pipeline 7","pipeline 2",0.897699352303077
"592","STG","pipeline 8","pipeline 2",0.870970438580519
"593","STG","pipeline 1","pipeline 3",0.998309581331518
"594","STG","pipeline 2","pipeline 3",0.997733802639037
"595","STG","pipeline 3","pipeline 3",1
"596","STG","pipeline 4","pipeline 3",0.998453377305462
"597","STG","pipeline 5","pipeline 3",0.932904324693203
"598","STG","pipeline 6","pipeline 3",0.884333766930791
"599","STG","pipeline 7","pipeline 3",0.901162263813887
"600","STG","pipeline 8","pipeline 3",0.872309633751511
"601","STG","pipeline 1","pipeline 4",0.997080474774074
"602","STG","pipeline 2","pipeline 4",0.998433470671453
"603","STG","pipeline 3","pipeline 4",0.998453377305462
"604","STG","pipeline 4","pipeline 4",1
"605","STG","pipeline 5","pipeline 4",0.927668478033531
"606","STG","pipeline 6","pipeline 4",0.877145318860916
"607","STG","pipeline 7","pipeline 4",0.897622183164751
"608","STG","pipeline 8","pipeline 4",0.866535623623829
"609","STG","pipeline 1","pipeline 5",0.936652737552619
"610","STG","pipeline 2","pipeline 5",0.932861258071338
"611","STG","pipeline 3","pipeline 5",0.932904324693203
"612","STG","pipeline 4","pipeline 5",0.927668478033532
"613","STG","pipeline 5","pipeline 5",1
"614","STG","pipeline 6","pipeline 5",0.949864893764397
"615","STG","pipeline 7","pipeline 5",0.861756869257363
"616","STG","pipeline 8","pipeline 5",0.963980833919672
"617","STG","pipeline 1","pipeline 6",0.886513888932981
"618","STG","pipeline 2","pipeline 6",0.880282417067557
"619","STG","pipeline 3","pipeline 6",0.884333766930791
"620","STG","pipeline 4","pipeline 6",0.877145318860916
"621","STG","pipeline 5","pipeline 6",0.949864893764397
"622","STG","pipeline 6","pipeline 6",1
"623","STG","pipeline 7","pipeline 6",0.947812132250448
"624","STG","pipeline 8","pipeline 6",0.914001105605434
"625","STG","pipeline 1","pipeline 7",0.901551873108765
"626","STG","pipeline 2","pipeline 7",0.897699352303076
"627","STG","pipeline 3","pipeline 7",0.901162263813887
"628","STG","pipeline 4","pipeline 7",0.897622183164751
"629","STG","pipeline 5","pipeline 7",0.861756869257363
"630","STG","pipeline 6","pipeline 7",0.947812132250448
"631","STG","pipeline 7","pipeline 7",1
"632","STG","pipeline 8","pipeline 7",0.805113132540922
"633","STG","pipeline 1","pipeline 8",0.875117588718765
"634","STG","pipeline 2","pipeline 8",0.870970438580519
"635","STG","pipeline 3","pipeline 8",0.872309633751511
"636","STG","pipeline 4","pipeline 8",0.866535623623829
"637","STG","pipeline 5","pipeline 8",0.963980833919672
"638","STG","pipeline 6","pipeline 8",0.914001105605434
"639","STG","pipeline 7","pipeline 8",0.805113132540922
"640","STG","pipeline 8","pipeline 8",1
"641","insula","pipeline 1","pipeline 1",1
"642","insula","pipeline 2","pipeline 1",0.99910842054196
"643","insula","pipeline 3","pipeline 1",0.998174603877782
"644","insula","pipeline 4","pipeline 1",0.997379876198785
"645","insula","pipeline 5","pipeline 1",0.923776043101736
"646","insula","pipeline 6","pipeline 1",0.858756455872729
"647","insula","pipeline 7","pipeline 1",0.911085944291346
"648","insula","pipeline 8","pipeline 1",0.917950869492903
"649","insula","pipeline 1","pipeline 2",0.99910842054196
"650","insula","pipeline 2","pipeline 2",1
"651","insula","pipeline 3","pipeline 2",0.997461844203023
"652","insula","pipeline 4","pipeline 2",0.998521406370708
"653","insula","pipeline 5","pipeline 2",0.921841515720856
"654","insula","pipeline 6","pipeline 2",0.854310683295852
"655","insula","pipeline 7","pipeline 2",0.907655620138522
"656","insula","pipeline 8","pipeline 2",0.916008764440053
"657","insula","pipeline 1","pipeline 3",0.998174603877782
"658","insula","pipeline 2","pipeline 3",0.997461844203023
"659","insula","pipeline 3","pipeline 3",1
"660","insula","pipeline 4","pipeline 3",0.998616282095023
"661","insula","pipeline 5","pipeline 3",0.922761443190161
"662","insula","pipeline 6","pipeline 3",0.856395234003345
"663","insula","pipeline 7","pipeline 3",0.909079733680968
"664","insula","pipeline 8","pipeline 3",0.916450886821341
"665","insula","pipeline 1","pipeline 4",0.997379876198785
"666","insula","pipeline 2","pipeline 4",0.998521406370708
"667","insula","pipeline 3","pipeline 4",0.998616282095023
"668","insula","pipeline 4","pipeline 4",1
"669","insula","pipeline 5","pipeline 4",0.920248741948989
"670","insula","pipeline 6","pipeline 4",0.852398404069279
"671","insula","pipeline 7","pipeline 4",0.906230297968386
"672","insula","pipeline 8","pipeline 4",0.914111495858155
"673","insula","pipeline 1","pipeline 5",0.923776043101736
"674","insula","pipeline 2","pipeline 5",0.921841515720856
"675","insula","pipeline 3","pipeline 5",0.922761443190162
"676","insula","pipeline 4","pipeline 5",0.920248741948989
"677","insula","pipeline 5","pipeline 5",1
"678","insula","pipeline 6","pipeline 5",0.924013610548655
"679","insula","pipeline 7","pipeline 5",0.853590299773801
"680","insula","pipeline 8","pipeline 5",0.999477762976559
"681","insula","pipeline 1","pipeline 6",0.858756455872729
"682","insula","pipeline 2","pipeline 6",0.854310683295852
"683","insula","pipeline 3","pipeline 6",0.856395234003345
"684","insula","pipeline 4","pipeline 6",0.852398404069279
"685","insula","pipeline 5","pipeline 6",0.924013610548655
"686","insula","pipeline 6","pipeline 6",1
"687","insula","pipeline 7","pipeline 6",0.947696448426189
"688","insula","pipeline 8","pipeline 6",0.922867569407205
"689","insula","pipeline 1","pipeline 7",0.911085944291346
"690","insula","pipeline 2","pipeline 7",0.907655620138522
"691","insula","pipeline 3","pipeline 7",0.909079733680968
"692","insula","pipeline 4","pipeline 7",0.906230297968386
"693","insula","pipeline 5","pipeline 7",0.853590299773801
"694","insula","pipeline 6","pipeline 7",0.947696448426189
"695","insula","pipeline 7","pipeline 7",1
"696","insula","pipeline 8","pipeline 7",0.848716227529173
"697","insula","pipeline 1","pipeline 8",0.917950869492903
"698","insula","pipeline 2","pipeline 8",0.916008764440053
"699","insula","pipeline 3","pipeline 8",0.916450886821341
"700","insula","pipeline 4","pipeline 8",0.914111495858155
"701","insula","pipeline 5","pipeline 8",0.999477762976559
"702","insula","pipeline 6","pipeline 8",0.922867569407205
"703","insula","pipeline 7","pipeline 8",0.848716227529173
"704","insula","pipeline 8","pipeline 8",1
"705","ITG","pipeline 1","pipeline 1",1
"706","ITG","pipeline 2","pipeline 1",0.996624352277831
"707","ITG","pipeline 3","pipeline 1",0.995373948048434
"708","ITG","pipeline 4","pipeline 1",0.994015379087672
"709","ITG","pipeline 5","pipeline 1",0.953300457074577
"710","ITG","pipeline 6","pipeline 1",0.784430341117386
"711","ITG","pipeline 7","pipeline 1",0.810212942062801
"712","ITG","pipeline 8","pipeline 1",0.871919028218162
"713","ITG","pipeline 1","pipeline 2",0.996624352277831
"714","ITG","pipeline 2","pipeline 2",1
"715","ITG","pipeline 3","pipeline 2",0.990999367685886
"716","ITG","pipeline 4","pipeline 2",0.99583642327423
"717","ITG","pipeline 5","pipeline 2",0.959503759852854
"718","ITG","pipeline 6","pipeline 2",0.786194587643127
"719","ITG","pipeline 7","pipeline 2",0.80179799989083
"720","ITG","pipeline 8","pipeline 2",0.882794253783538
"721","ITG","pipeline 1","pipeline 3",0.995373948048434
"722","ITG","pipeline 2","pipeline 3",0.990999367685886
"723","ITG","pipeline 3","pipeline 3",1
"724","ITG","pipeline 4","pipeline 3",0.994896846329026
"725","ITG","pipeline 5","pipeline 3",0.948757501059384
"726","ITG","pipeline 6","pipeline 3",0.782278495322757
"727","ITG","pipeline 7","pipeline 3",0.809393618234675
"728","ITG","pipeline 8","pipeline 3",0.875034997908401
"729","ITG","pipeline 1","pipeline 4",0.994015379087672
"730","ITG","pipeline 2","pipeline 4",0.99583642327423
"731","ITG","pipeline 3","pipeline 4",0.994896846329026
"732","ITG","pipeline 4","pipeline 4",1
"733","ITG","pipeline 5","pipeline 4",0.955786194102171
"734","ITG","pipeline 6","pipeline 4",0.780932925511261
"735","ITG","pipeline 7","pipeline 4",0.797115163139123
"736","ITG","pipeline 8","pipeline 4",0.881891663762989
"737","ITG","pipeline 1","pipeline 5",0.953300457074577
"738","ITG","pipeline 2","pipeline 5",0.959503759852853
"739","ITG","pipeline 3","pipeline 5",0.948757501059384
"740","ITG","pipeline 4","pipeline 5",0.955786194102171
"741","ITG","pipeline 5","pipeline 5",1
"742","ITG","pipeline 6","pipeline 5",0.819054928170906
"743","ITG","pipeline 7","pipeline 5",0.745503618422673
"744","ITG","pipeline 8","pipeline 5",0.959120256823136
"745","ITG","pipeline 1","pipeline 6",0.784430341117386
"746","ITG","pipeline 2","pipeline 6",0.786194587643127
"747","ITG","pipeline 3","pipeline 6",0.782278495322757
"748","ITG","pipeline 4","pipeline 6",0.780932925511261
"749","ITG","pipeline 5","pipeline 6",0.819054928170906
"750","ITG","pipeline 6","pipeline 6",1
"751","ITG","pipeline 7","pipeline 6",0.935072936641663
"752","ITG","pipeline 8","pipeline 6",0.786179921817192
"753","ITG","pipeline 1","pipeline 7",0.810212942062801
"754","ITG","pipeline 2","pipeline 7",0.80179799989083
"755","ITG","pipeline 3","pipeline 7",0.809393618234675
"756","ITG","pipeline 4","pipeline 7",0.797115163139123
"757","ITG","pipeline 5","pipeline 7",0.745503618422673
"758","ITG","pipeline 6","pipeline 7",0.935072936641663
"759","ITG","pipeline 7","pipeline 7",1
"760","ITG","pipeline 8","pipeline 7",0.672959945468199
"761","ITG","pipeline 1","pipeline 8",0.871919028218162
"762","ITG","pipeline 2","pipeline 8",0.882794253783538
"763","ITG","pipeline 3","pipeline 8",0.875034997908401
"764","ITG","pipeline 4","pipeline 8",0.881891663762989
"765","ITG","pipeline 5","pipeline 8",0.959120256823136
"766","ITG","pipeline 6","pipeline 8",0.786179921817192
"767","ITG","pipeline 7","pipeline 8",0.672959945468199
"768","ITG","pipeline 8","pipeline 8",1
"769","PC","pipeline 1","pipeline 1",1
"770","PC","pipeline 2","pipeline 1",0.997265490860758
"771","PC","pipeline 3","pipeline 1",0.989940218598966
"772","PC","pipeline 4","pipeline 1",0.982680301517405
"773","PC","pipeline 5","pipeline 1",0.973103846228622
"774","PC","pipeline 6","pipeline 1",0.90985306000496
"775","PC","pipeline 7","pipeline 1",0.888193253167146
"776","PC","pipeline 8","pipeline 1",0.874403194240098
"777","PC","pipeline 1","pipeline 2",0.997265490860758
"778","PC","pipeline 2","pipeline 2",1
"779","PC","pipeline 3","pipeline 2",0.989631725611652
"780","PC","pipeline 4","pipeline 2",0.988918222117943
"781","PC","pipeline 5","pipeline 2",0.965462669481422
"782","PC","pipeline 6","pipeline 2",0.900635422256559
"783","PC","pipeline 7","pipeline 2",0.886872889045211
"784","PC","pipeline 8","pipeline 2",0.861851324090704
"785","PC","pipeline 1","pipeline 3",0.989940218598967
"786","PC","pipeline 2","pipeline 3",0.989631725611652
"787","PC","pipeline 3","pipeline 3",1
"788","PC","pipeline 4","pipeline 3",0.994055286221195
"789","PC","pipeline 5","pipeline 3",0.962395015957846
"790","PC","pipeline 6","pipeline 3",0.895775678107889
"791","PC","pipeline 7","pipeline 3",0.873660161281459
"792","PC","pipeline 8","pipeline 3",0.867905782445205
"793","PC","pipeline 1","pipeline 4",0.982680301517405
"794","PC","pipeline 2","pipeline 4",0.988918222117943
"795","PC","pipeline 3","pipeline 4",0.994055286221196
"796","PC","pipeline 4","pipeline 4",1
"797","PC","pipeline 5","pipeline 4",0.949515643925799
"798","PC","pipeline 6","pipeline 4",0.880646546996611
"799","PC","pipeline 7","pipeline 4",0.870237067900012
"800","PC","pipeline 8","pipeline 4",0.847156774544379
"801","PC","pipeline 1","pipeline 5",0.973103846228622
"802","PC","pipeline 2","pipeline 5",0.965462669481422
"803","PC","pipeline 3","pipeline 5",0.962395015957846
"804","PC","pipeline 4","pipeline 5",0.949515643925799
"805","PC","pipeline 5","pipeline 5",1
"806","PC","pipeline 6","pipeline 5",0.938092284969464
"807","PC","pipeline 7","pipeline 5",0.865705396810001
"808","PC","pipeline 8","pipeline 5",0.945329966796632
"809","PC","pipeline 1","pipeline 6",0.90985306000496
"810","PC","pipeline 2","pipeline 6",0.900635422256559
"811","PC","pipeline 3","pipeline 6",0.895775678107889
"812","PC","pipeline 4","pipeline 6",0.880646546996611
"813","PC","pipeline 5","pipeline 6",0.938092284969464
"814","PC","pipeline 6","pipeline 6",1
"815","PC","pipeline 7","pipeline 6",0.957582063978939
"816","PC","pipeline 8","pipeline 6",0.873999696650714
"817","PC","pipeline 1","pipeline 7",0.888193253167146
"818","PC","pipeline 2","pipeline 7",0.886872889045211
"819","PC","pipeline 3","pipeline 7",0.873660161281459
"820","PC","pipeline 4","pipeline 7",0.870237067900012
"821","PC","pipeline 5","pipeline 7",0.865705396810001
"822","PC","pipeline 6","pipeline 7",0.957582063978939
"823","PC","pipeline 7","pipeline 7",1
"824","PC","pipeline 8","pipeline 7",0.760311338719432
"825","PC","pipeline 1","pipeline 8",0.874403194240098
"826","PC","pipeline 2","pipeline 8",0.861851324090704
"827","PC","pipeline 3","pipeline 8",0.867905782445205
"828","PC","pipeline 4","pipeline 8",0.847156774544379
"829","PC","pipeline 5","pipeline 8",0.945329966796632
"830","PC","pipeline 6","pipeline 8",0.873999696650714
"831","PC","pipeline 7","pipeline 8",0.760311338719432
"832","PC","pipeline 8","pipeline 8",1
"833","EC","pipeline 1","pipeline 1",1
"834","EC","pipeline 2","pipeline 1",0.992475901668896
"835","EC","pipeline 3","pipeline 1",0.992455364726021
"836","EC","pipeline 4","pipeline 1",0.993840642483879
"837","EC","pipeline 5","pipeline 1",0.91397393041447
"838","EC","pipeline 6","pipeline 1",0.761197191204742
"839","EC","pipeline 7","pipeline 1",0.826476373668097
"840","EC","pipeline 8","pipeline 1",0.908346967952072
"841","EC","pipeline 1","pipeline 2",0.992475901668896
"842","EC","pipeline 2","pipeline 2",1
"843","EC","pipeline 3","pipeline 2",0.97916737641376
"844","EC","pipeline 4","pipeline 2",0.994715554174196
"845","EC","pipeline 5","pipeline 2",0.914824728340335
"846","EC","pipeline 6","pipeline 2",0.769997023365747
"847","EC","pipeline 7","pipeline 2",0.825010731964092
"848","EC","pipeline 8","pipeline 2",0.908918620757771
"849","EC","pipeline 1","pipeline 3",0.992455364726021
"850","EC","pipeline 2","pipeline 3",0.97916737641376
"851","EC","pipeline 3","pipeline 3",1
"852","EC","pipeline 4","pipeline 3",0.989543242853908
"853","EC","pipeline 5","pipeline 3",0.901889662766857
"854","EC","pipeline 6","pipeline 3",0.751606851077863
"855","EC","pipeline 7","pipeline 3",0.826691392967892
"856","EC","pipeline 8","pipeline 3",0.897646624289834
"857","EC","pipeline 1","pipeline 4",0.993840642483879
"858","EC","pipeline 2","pipeline 4",0.994715554174197
"859","EC","pipeline 3","pipeline 4",0.989543242853908
"860","EC","pipeline 4","pipeline 4",1
"861","EC","pipeline 5","pipeline 4",0.913984073702364
"862","EC","pipeline 6","pipeline 4",0.765710741053649
"863","EC","pipeline 7","pipeline 4",0.823954844627424
"864","EC","pipeline 8","pipeline 4",0.909359239539231
"865","EC","pipeline 1","pipeline 5",0.91397393041447
"866","EC","pipeline 2","pipeline 5",0.914824728340335
"867","EC","pipeline 3","pipeline 5",0.901889662766857
"868","EC","pipeline 4","pipeline 5",0.913984073702364
"869","EC","pipeline 5","pipeline 5",1
"870","EC","pipeline 6","pipeline 5",0.841644684242666
"871","EC","pipeline 7","pipeline 5",0.72113173165691
"872","EC","pipeline 8","pipeline 5",0.998326735531352
"873","EC","pipeline 1","pipeline 6",0.761197191204742
"874","EC","pipeline 2","pipeline 6",0.769997023365747
"875","EC","pipeline 3","pipeline 6",0.751606851077863
"876","EC","pipeline 4","pipeline 6",0.765710741053649
"877","EC","pipeline 5","pipeline 6",0.841644684242666
"878","EC","pipeline 6","pipeline 6",1
"879","EC","pipeline 7","pipeline 6",0.851268708962672
"880","EC","pipeline 8","pipeline 6",0.847240344656154
"881","EC","pipeline 1","pipeline 7",0.826476373668097
"882","EC","pipeline 2","pipeline 7",0.825010731964092
"883","EC","pipeline 3","pipeline 7",0.826691392967892
"884","EC","pipeline 4","pipeline 7",0.823954844627424
"885","EC","pipeline 5","pipeline 7",0.72113173165691
"886","EC","pipeline 6","pipeline 7",0.851268708962672
"887","EC","pipeline 7","pipeline 7",1
"888","EC","pipeline 8","pipeline 7",0.722853696780541
"889","EC","pipeline 1","pipeline 8",0.908346967952072
"890","EC","pipeline 2","pipeline 8",0.908918620757771
"891","EC","pipeline 3","pipeline 8",0.897646624289834
"892","EC","pipeline 4","pipeline 8",0.909359239539231
"893","EC","pipeline 5","pipeline 8",0.998326735531352
"894","EC","pipeline 6","pipeline 8",0.847240344656154
"895","EC","pipeline 7","pipeline 8",0.722853696780541
"896","EC","pipeline 8","pipeline 8",1
